timestamp_utc,symbol,preco_entrada,probabilidade,tipo_sinal,stop_loss_pct,stop_loss_preco,take_profit_pct,take_profit_preco
ZEC_20260910130957,2026-09-10 13:09:53 UTC,ZEC/USDT,1181.0600,0.7258,1157.4388,1228.3024,ABERTO,,,,
ZEC_20260910133027,2026-09-10 13:30:22 UTC,ZEC/USDT,1169.1500,0.7258,1145.7670,1215.9160,ABERTO,,,,
ZEC_20260910134918,2026-09-10 13:49:12 UTC,ZEC/USDT,1168.5900,0.7258,1145.2182,1215.3336,ABERTO,,,,
NEAR_20260910140945,2026-09-10 14:09:36 UTC,NEAR/USDT,2.4360,0.6227,2.3873,2.5334,ABERTO,,,,
NEAR_20260910143141,2026-09-10 14:31:32 UTC,NEAR/USDT,2.4240,0.6227,2.3755,2.5210,ABERTO,,,,
NEAR_20260910145035,2026-09-10 14:50:28 UTC,NEAR/USDT,2.3950,0.6227,2.3471,2.4908,ABERTO,,,,
ZEC_20260910161149,2026-09-10 16:11:45 UTC,ZEC/USDT,1154.9800,0.6178,1131.8804,1201.1792,ABERTO,,,,
NEAR_20260910161152,2026-09-10 16:11:45 UTC,NEAR/USDT,2.4540,0.6486,2.4049,2.5522,ABERTO,,,,
ZEC_20260910163055,2026-09-10 16:30:51 UTC,ZEC/USDT,1124.0800,0.6178,1101.5984,1169.0432,ABERTO,,,,
NEAR_20260910163058,2026-09-10 16:30:51 UTC,NEAR/USDT,2.4280,0.6486,2.3794,2.5251,ABERTO,,,,
ZEC_20260910164807,2026-09-10 16:48:02 UTC,ZEC/USDT,1133.7000,0.6178,1111.0260,1179.0480,ABERTO,,,,
NEAR_20260910164811,2026-09-10 16:48:02 UTC,NEAR/USDT,2.4700,0.6486,2.4206,2.5688,ABERTO,,,,
NEAR_20260910170914,2026-09-10 17:09:05 UTC,NEAR/USDT,2.4950,0.6418,2.4451,2.5948,ABERTO,,,,
NEAR_20260910172907,2026-09-10 17:29:00 UTC,NEAR/USDT,2.4860,0.6418,2.4363,2.5854,ABERTO,,,,
NEAR_20260910174640,2026-09-10 17:46:34 UTC,NEAR/USDT,2.5090,0.6418,2.4588,2.6094,ABERTO,,,,
NEAR_20260910200921,2026-09-10 20:09:12 UTC,NEAR/USDT,2.4810,0.6966,2.4314,2.5802,ABERTO,,,,
NEAR_20260910202926,2026-09-10 20:29:17 UTC,NEAR/USDT,2.5290,0.6966,2.4784,2.6302,ABERTO,,,,
NEAR_20260910204721,2026-09-10 20:47:12 UTC,NEAR/USDT,2.5100,0.6966,2.4598,2.6104,ABERTO,,,,
NEAR_20260910210845,2026-09-10 21:08:36 UTC,NEAR/USDT,2.5220,0.7244,2.4716,2.6229,ABERTO,,,,
NEAR_20260910212839,2026-09-10 21:28:29 UTC,NEAR/USDT,2.5260,0.7244,2.4755,2.6270,ABERTO,,,,
NEAR_20260910214710,2026-09-10 21:47:03 UTC,NEAR/USDT,2.5230,0.7244,2.4725,2.6239,ABERTO,,,,
NEAR_20260910220842,2026-09-10 22:08:35 UTC,NEAR/USDT,2.5310,0.6696,2.4804,2.6322,ABERTO,,,,
NEAR_20260910223117,2026-09-10 22:31:07 UTC,NEAR/USDT,2.5200,0.6696,2.4696,2.6208,ABERTO,,,,
NEAR_20260910224612,2026-09-10 22:46:04 UTC,NEAR/USDT,2.4850,0.6696,2.4353,2.5844,ABERTO,,,,
NEAR_20260910230828,2026-09-10 23:08:20 UTC,NEAR/USDT,2.4820,0.6665,2.4324,2.5813,ABERTO,,,,
NEAR_20260910232743,2026-09-10 23:27:36 UTC,NEAR/USDT,2.4890,0.6665,2.4392,2.5886,ABERTO,,,,
NEAR_20260910234517,2026-09-10 23:45:09 UTC,NEAR/USDT,2.4760,0.6665,2.4265,2.5750,ABERTO,,,,
NEAR_20260911010905,2026-09-11 01:08:58 UTC,NEAR/USDT,2.5180,0.6491,2.4676,2.6187,ABERTO,,,,
NEAR_20260911012946,2026-09-11 01:29:38 UTC,NEAR/USDT,2.4460,0.6491,2.3971,2.5438,ABERTO,,,,
NEAR_20260911014843,2026-09-11 01:48:35 UTC,NEAR/USDT,2.4280,0.6491,2.3794,2.5251,ABERTO,,,,
NEAR_20260911020923,2026-09-11 02:09:14 UTC,NEAR/USDT,2.4130,0.7286,2.3647,2.5095,ABERTO,,,,
NEAR_20260911023115,2026-09-11 02:31:08 UTC,NEAR/USDT,2.4080,0.7286,2.3598,2.5043,ABERTO,,,,
NEAR_20260911024833,2026-09-11 02:48:26 UTC,NEAR/USDT,2.4090,0.7286,2.3608,2.5054,ABERTO,,,,
NEAR_20260911030943,2026-09-11 03:09:36 UTC,NEAR/USDT,2.3890,0.7217,2.3412,2.4846,ABERTO,,,,
NEAR_20260911033139,2026-09-11 03:31:30 UTC,NEAR/USDT,2.3940,0.7217,2.3461,2.4898,ABERTO,,,,
NEAR_20260911034858,2026-09-11 03:48:48 UTC,NEAR/USDT,2.4160,0.7217,2.3677,2.5126,ABERTO,,,,
NEAR_20260911041019,2026-09-11 04:10:08 UTC,NEAR/USDT,2.4240,0.6963,2.3755,2.5210,ABERTO,,,,
NEAR_20260911043136,2026-09-11 04:31:26 UTC,NEAR/USDT,2.4580,0.6963,2.4088,2.5563,ABERTO,,,,
NEAR_20260911044826,2026-09-11 04:48:19 UTC,NEAR/USDT,2.4540,0.6963,2.4049,2.5522,ABERTO,,,,
NEAR_20260911081035,2026-09-11 08:10:24 UTC,NEAR/USDT,2.4380,0.6377,2.3892,2.5355,ABERTO,,,,
NEAR_20260911083312,2026-09-11 08:33:02 UTC,NEAR/USDT,2.4900,0.6377,2.4402,2.5896,ABERTO,,,,
NEAR_20260911085032,2026-09-11 08:50:24 UTC,NEAR/USDT,2.4620,0.6377,2.4128,2.5605,ABERTO,,,,
NEAR_20260911110959,2026-09-11 11:09:48 UTC,NEAR/USDT,2.4220,0.6388,2.3736,2.5189,ABERTO,,,,
NEAR_20260911113019,2026-09-11 11:30:11 UTC,NEAR/USDT,2.4370,0.6388,2.3883,2.5345,ABERTO,,,,
NEAR_20260911114651,2026-09-11 11:46:43 UTC,NEAR/USDT,2.4520,0.6388,2.4030,2.5501,ABERTO,,,,
ZEC_20260911141014,2026-09-11 14:10:10 UTC,ZEC/USDT,1203.4200,0.6074,1179.3516,1251.5568,ABERTO,,,,
ZEC_20260911143224,2026-09-11 14:32:20 UTC,ZEC/USDT,1193.1000,0.6074,1169.2380,1240.8240,ABERTO,,,,
ZEC_20260911144920,2026-09-11 14:49:15 UTC,ZEC/USDT,1177.7600,0.6074,1154.2048,1224.8704,ABERTO,,,,
ETH_20260911151010,2026-09-11 15:10:07 UTC,ETH/USDT,2606.5000,0.6282,2554.3700,2710.7600,ABERTO,,,,
ETH_20260911153053,2026-09-11 15:30:50 UTC,ETH/USDT,2609.1600,0.6282,2556.9768,2713.5264,ABERTO,,,,
ETH_20260911154804,2026-09-11 15:48:02 UTC,ETH/USDT,2608.9300,0.6282,2556.7514,2713.2872,ABERTO,,,,
NEAR_20260911161031,2026-09-11 16:10:23 UTC,NEAR/USDT,2.6450,0.6051,2.5921,2.7508,ABERTO,,,,
NEAR_20260911163148,2026-09-11 16:31:40 UTC,NEAR/USDT,2.5680,0.6051,2.5166,2.6707,ABERTO,,,,
NEAR_20260911164833,2026-09-11 16:48:25 UTC,NEAR/USDT,2.5930,0.6051,2.5411,2.6967,ABERTO,,,,
ZEC_20260911170821,2026-09-11 17:08:17 UTC,ZEC/USDT,1186.3500,0.6136,1162.6230,1233.8040,ABERTO,,,,
ZEC_20260911172936,2026-09-11 17:29:31 UTC,ZEC/USDT,1181.6400,0.6136,1158.0072,1228.9056,ABERTO,,,,
ZEC_20260911174542,2026-09-11 17:45:37 UTC,ZEC/USDT,1175.8400,0.6136,1152.3232,1222.8736,ABERTO,,,,
ZEC_20260911200934,2026-09-11 20:09:30 UTC,ZEC/USDT,1188.6700,0.6091,1164.8966,1236.2168,ABERTO,,,,
ZEC_20260911203048,2026-09-11 20:30:43 UTC,ZEC/USDT,1174.4100,0.6091,1150.9218,1221.3864,ABERTO,,,,
ZEC_20260911204751,2026-09-11 20:47:45 UTC,ZEC/USDT,1180.0200,0.6091,1156.4196,1227.2208,ABERTO,,,,
ZEC_20260911210926,2026-09-11 21:09:22 UTC,ZEC/USDT,1187.3700,0.6084,1163.6226,1234.8648,ABERTO,,,,
ZEC_20260911212822,2026-09-11 21:28:19 UTC,ZEC/USDT,1181.8600,0.6084,1158.2228,1229.1344,ABERTO,,,,
ZEC_20260911214514,2026-09-11 21:45:09 UTC,ZEC/USDT,1176.4200,0.6084,1152.8916,1223.4768,ABERTO,,,,
NEAR_20260911220926,2026-09-11 22:09:16 UTC,NEAR/USDT,2.4230,0.7276,2.3745,2.5199,ABERTO,,,,
NEAR_20260911222930,2026-09-11 22:29:19 UTC,NEAR/USDT,2.4150,0.7276,2.3667,2.5116,ABERTO,,,,
NEAR_20260911224555,2026-09-11 22:45:44 UTC,NEAR/USDT,2.4140,0.7276,2.3657,2.5106,ABERTO,,,,
NEAR_20260912140828,2026-09-12 14:08:19 UTC,NEAR/USDT,2.3830,0.6592,2.3353,2.4783,ABERTO,,,,
NEAR_20260912142955,2026-09-12 14:29:45 UTC,NEAR/USDT,2.3820,0.6592,2.3344,2.4773,ABERTO,,,,
NEAR_20260912144559,2026-09-12 14:45:52 UTC,NEAR/USDT,2.3850,0.6592,2.3373,2.4804,ABERTO,,,,
NEAR_20260912190757,2026-09-12 19:07:47 UTC,NEAR/USDT,2.3600,0.6250,2.3128,2.4544,ABERTO,,,,
NEAR_20260912192732,2026-09-12 19:27:25 UTC,NEAR/USDT,2.3600,0.6250,2.3128,2.4544,ABERTO,,,,
NEAR_20260912194529,2026-09-12 19:45:22 UTC,NEAR/USDT,2.3440,0.6250,2.2971,2.4378,ABERTO,,,,
ETHFI_20260913001338,2026-09-13 00:13:26 UTC,ETHFI/USDT,0.7090,0.6476,0.6948,0.7374,ABERTO,,,,
ETHFI_20260913003838,2026-09-13 00:38:21 UTC,ETHFI/USDT,0.7102,0.6476,0.6960,0.7386,ABERTO,,,,
ETHFI_20260913005220,2026-09-13 00:52:08 UTC,ETHFI/USDT,0.7076,0.6476,0.6934,0.7359,ABERTO,,,,
XLM_20260914183546,2026-09-14 18:35:29 UTC,XLM/USDT,0.1935,0.6746,0.1896,0.2012,ABERTO,,,,
XLM_20260914185247,2026-09-14 18:52:34 UTC,XLM/USDT,0.1953,0.6746,0.1914,0.2031,ABERTO,,,,
NEAR_20260914191010,2026-09-14 19:09:58 UTC,NEAR/USDT,2.5550,0.6771,2.5039,2.6572,ABERTO,,,,
NEAR_20260914193124,2026-09-14 19:31:14 UTC,NEAR/USDT,2.5250,0.6771,2.4745,2.6260,ABERTO,,,,
NEAR_20260914194725,2026-09-14 19:47:16 UTC,NEAR/USDT,2.5260,0.6771,2.4755,2.6270,ABERTO,,,,
NEAR_20260914201025,2026-09-14 20:10:16 UTC,NEAR/USDT,2.5470,0.6443,2.4961,2.6489,ABERTO,,,,
XLM_20260914201028,2026-09-14 20:10:16 UTC,XLM/USDT,0.1948,0.6589,0.1909,0.2026,ABERTO,,,,
NEAR_20260914203033,2026-09-14 20:30:22 UTC,NEAR/USDT,2.5880,0.6443,2.5362,2.6915,ABERTO,,,,
XLM_20260914203038,2026-09-14 20:30:22 UTC,XLM/USDT,0.1952,0.6589,0.1913,0.2030,ABERTO,,,,
NEAR_20260914204843,2026-09-14 20:48:35 UTC,NEAR/USDT,2.5570,0.6443,2.5059,2.6593,ABERTO,,,,
XLM_20260914204847,2026-09-14 20:48:35 UTC,XLM/USDT,0.1955,0.6589,0.1916,0.2033,ABERTO,,,,
XRP_20260914210936,2026-09-14 21:09:31 UTC,XRP/USDT,1.4571,0.6160,1.4280,1.5154,ABERTO,,,,
NEAR_20260914210942,2026-09-14 21:09:31 UTC,NEAR/USDT,2.5080,0.6963,2.4578,2.6083,ABERTO,,,,
XLM_20260914210947,2026-09-14 21:09:31 UTC,XLM/USDT,0.1934,0.7544,0.1895,0.2011,ABERTO,,,,
XRP_20260914213024,2026-09-14 21:30:21 UTC,XRP/USDT,1.4472,0.6160,1.4183,1.5051,ABERTO,,,,
NEAR_20260914213029,2026-09-14 21:30:21 UTC,NEAR/USDT,2.5050,0.6963,2.4549,2.6052,ABERTO,,,,
XLM_20260914213032,2026-09-14 21:30:21 UTC,XLM/USDT,0.1937,0.7544,0.1898,0.2014,ABERTO,,,,
XRP_20260914214833,2026-09-14 21:48:29 UTC,XRP/USDT,1.4435,0.6160,1.4146,1.5012,ABERTO,,,,
NEAR_20260914214840,2026-09-14 21:48:29 UTC,NEAR/USDT,2.4980,0.6963,2.4480,2.5979,ABERTO,,,,
XLM_20260914214844,2026-09-14 21:48:29 UTC,XLM/USDT,0.1933,0.7544,0.1894,0.2010,ABERTO,,,,
XLM_20260914230919,2026-09-14 23:09:02 UTC,XLM/USDT,0.1934,0.7959,0.1895,0.2011,ABERTO,,,,
XLM_20260914232806,2026-09-14 23:27:50 UTC,XLM/USDT,0.1921,0.7959,0.1883,0.1998,ABERTO,,,,
XLM_20260914234722,2026-09-14 23:47:06 UTC,XLM/USDT,0.1916,0.7959,0.1878,0.1993,ABERTO,,,,
XLM_20260915021107,2026-09-15 02:10:57 UTC,XLM/USDT,0.1959,0.7811,0.1920,0.2037,ABERTO,,,,
XLM_20260915023610,2026-09-15 02:35:56 UTC,XLM/USDT,0.1961,0.7811,0.1922,0.2039,ABERTO,,,,
XLM_20260915025104,2026-09-15 02:50:55 UTC,XLM/USDT,0.1953,0.7811,0.1914,0.2031,ABERTO,,,,
XLM_20260915031033,2026-09-15 03:10:22 UTC,XLM/USDT,0.1951,0.7308,0.1912,0.2029,ABERTO,,,,
XLM_20260915033326,2026-09-15 03:33:16 UTC,XLM/USDT,0.1962,0.7308,0.1923,0.2040,ABERTO,,,,
XLM_20260915035054,2026-09-15 03:50:43 UTC,XLM/USDT,0.1937,0.7308,0.1898,0.2014,ABERTO,,,,
XLM_20260915041105,2026-09-15 04:10:54 UTC,XLM/USDT,0.1929,0.6595,0.1890,0.2006,ABERTO,,,,
XLM_20260915043311,2026-09-15 04:32:57 UTC,XLM/USDT,0.1916,0.6595,0.1878,0.1993,ABERTO,,,,
XLM_20260915045146,2026-09-15 04:51:38 UTC,XLM/USDT,0.1928,0.6595,0.1889,0.2005,ABERTO,,,,
XLM_20260915050947,2026-09-15 05:09:36 UTC,XLM/USDT,0.1926,0.6554,0.1887,0.2003,ABERTO,,,,
XLM_20260915053159,2026-09-15 05:31:46 UTC,XLM/USDT,0.1916,0.6554,0.1878,0.1993,ABERTO,,,,
XLM_20260915055231,2026-09-15 05:52:18 UTC,XLM/USDT,0.1926,0.6554,0.1887,0.2003,ABERTO,,,,
XLM_20260915061225,2026-09-15 06:12:14 UTC,XLM/USDT,0.1931,0.6608,0.1892,0.2008,ABERTO,,,,
XLM_20260915063846,2026-09-15 06:38:37 UTC,XLM/USDT,0.1937,0.6608,0.1898,0.2014,ABERTO,,,,
XLM_20260915065540,2026-09-15 06:55:26 UTC,XLM/USDT,0.1919,0.6608,0.1881,0.1996,ABERTO,,,,
FIL_20260915081114,2026-09-15 08:10:57 UTC,FIL/USDT,0.8871,0.6098,0.8694,0.9226,ABERTO,,,,
FIL_20260915083458,2026-09-15 08:34:46 UTC,FIL/USDT,0.8861,0.6098,0.8684,0.9215,ABERTO,,,,
FIL_20260915085319,2026-09-15 08:53:08 UTC,FIL/USDT,0.8877,0.6098,0.8699,0.9232,ABERTO,,,,
UNI_20260915110932,2026-09-15 11:09:25 UTC,UNI/USDT,6.7660,0.7101,6.6307,7.0366,ABERTO,,,,
UNI_20260915113041,2026-09-15 11:30:33 UTC,UNI/USDT,6.7200,0.7101,6.5856,6.9888,ABERTO,,,,
UNI_20260915114748,2026-09-15 11:47:40 UTC,UNI/USDT,6.6750,0.7101,6.5415,6.9420,ABERTO,,,,
XLM_20260915121211,2026-09-15 12:12:01 UTC,XLM/USDT,0.1950,0.6103,0.1911,0.2028,ABERTO,,,,
XLM_20260915123716,2026-09-15 12:37:03 UTC,XLM/USDT,0.1960,0.6103,0.1921,0.2038,ABERTO,,,,
XLM_20260915125323,2026-09-15 12:53:10 UTC,XLM/USDT,0.1962,0.6103,0.1923,0.2040,ABERTO,,,,
XLM_20260915131048,2026-09-15 13:10:34 UTC,XLM/USDT,0.1973,0.6640,0.1934,0.2052,ABERTO,,,,
XLM_20260915133228,2026-09-15 13:32:13 UTC,XLM/USDT,0.1974,0.6640,0.1935,0.2053,ABERTO,,,,
XLM_20260915135022,2026-09-15 13:50:09 UTC,XLM/USDT,0.1942,0.6640,0.1903,0.2020,ABERTO,,,,
XLM_20260915141016,2026-09-15 14:10:05 UTC,XLM/USDT,0.1965,0.6060,0.1926,0.2044,ABERTO,,,,
XLM_20260915143136,2026-09-15 14:31:26 UTC,XLM/USDT,0.1942,0.6060,0.1903,0.2020,ABERTO,,,,
XLM_20260915145015,2026-09-15 14:50:01 UTC,XLM/USDT,0.1896,0.6060,0.1858,0.1972,ABERTO,,,,
REZ_20260916040950,2026-09-16 04:09:40 UTC,REZ/USDT,0.0037,0.6276,0.0036,0.0039,ABERTO,,,,
REZ_20260916043151,2026-09-16 04:31:42 UTC,REZ/USDT,0.0037,0.6276,0.0036,0.0039,ABERTO,,,,
REZ_20260916044911,2026-09-16 04:49:01 UTC,REZ/USDT,0.0037,0.6276,0.0036,0.0038,ABERTO,,,,
ARB_20260916081020,2026-09-16 08:10:10 UTC,ARB/USDT,0.1542,0.6398,0.1511,0.1604,ABERTO,,,,
ARB_20260916083330,2026-09-16 08:33:22 UTC,ARB/USDT,0.1545,0.6398,0.1514,0.1607,ABERTO,,,,
ARB_20260916085008,2026-09-16 08:50:01 UTC,ARB/USDT,0.1552,0.6398,0.1521,0.1614,ABERTO,,,,
ZEC_20260916100946,2026-09-16 10:09:43 UTC,ZEC/USDT,1207.0100,0.6452,1182.8698,1255.2904,ABERTO,,,,
ZEC_20260916103151,2026-09-16 10:31:46 UTC,ZEC/USDT,1210.3300,0.6452,1186.1234,1258.7432,ABERTO,,,,
ZEC_20260916104918,2026-09-16 10:49:12 UTC,ZEC/USDT,1207.3600,0.6452,1183.2128,1255.6544,ABERTO,,,,
ZEC_20260916110951,2026-09-16 11:09:45 UTC,ZEC/USDT,1209.7500,0.7668,1185.5550,1258.1400,ABERTO,,,,
ZEC_20260916113104,2026-09-16 11:30:59 UTC,ZEC/USDT,1213.7600,0.7668,1189.4848,1262.3104,ABERTO,,,,
ZEC_20260916114910,2026-09-16 11:49:06 UTC,ZEC/USDT,1235.1900,0.7668,1210.4862,1284.5976,ABERTO,,,,
ZEC_20260916131117,2026-09-16 13:11:11 UTC,ZEC/USDT,1213.0800,0.6019,1188.8184,1261.6032,ABERTO,,,,
ZEC_20260916133247,2026-09-16 13:32:41 UTC,ZEC/USDT,1229.6000,0.6019,1205.0080,1278.7840,ABERTO,,,,
ZEC_20260916135059,2026-09-16 13:50:55 UTC,ZEC/USDT,1259.6800,0.6019,1234.4864,1310.0672,ABERTO,,,,
ZEC_20260916151006,2026-09-16 15:10:01 UTC,ZEC/USDT,1250.1600,0.6301,1225.1568,1300.1664,ABERTO,,,,
ZEC_20260916153116,2026-09-16 15:31:11 UTC,ZEC/USDT,1246.8300,0.6301,1221.8934,1296.7032,ABERTO,,,,
ZEC_20260916154912,2026-09-16 15:49:07 UTC,ZEC/USDT,1252.5200,0.6301,1227.4696,1302.6208,ABERTO,,,,
ZEC_20260916161051,2026-09-16 16:10:48 UTC,ZEC/USDT,1254.9100,0.7642,1229.8118,1305.1064,ABERTO,,,,
ZEC_20260916163059,2026-09-16 16:30:55 UTC,ZEC/USDT,1268.6800,0.7642,1243.3064,1319.4272,ABERTO,,,,
ZEC_20260916164926,2026-09-16 16:49:22 UTC,ZEC/USDT,1269.8400,0.7642,1244.4432,1320.6336,ABERTO,,,,
NEAR_20260916201020,2026-09-16 20:10:13 UTC,NEAR/USDT,2.5450,0.6369,2.4941,2.6468,ABERTO,,,,
NEAR_20260916203143,2026-09-16 20:31:37 UTC,NEAR/USDT,2.5790,0.6369,2.5274,2.6822,ABERTO,,,,
NEAR_20260916204839,2026-09-16 20:48:32 UTC,NEAR/USDT,2.5990,0.6369,2.5470,2.7030,ABERTO,,,,
NEAR_20260916220858,2026-09-16 22:08:48 UTC,NEAR/USDT,2.5650,0.6242,2.5137,2.6676,ABERTO,,,,
ARB_20260916220859,2026-09-16 22:08:48 UTC,ARB/USDT,0.1614,0.6048,0.1582,0.1679,ABERTO,,,,
NEAR_20260916222934,2026-09-16 22:29:27 UTC,NEAR/USDT,2.5840,0.6242,2.5323,2.6874,ABERTO,,,,
ARB_20260916222934,2026-09-16 22:29:27 UTC,ARB/USDT,0.1639,0.6048,0.1606,0.1705,ABERTO,,,,
NEAR_20260916224705,2026-09-16 22:46:58 UTC,NEAR/USDT,2.5900,0.6242,2.5382,2.6936,ABERTO,,,,
ARB_20260916224705,2026-09-16 22:46:58 UTC,ARB/USDT,0.1646,0.6048,0.1613,0.1712,ABERTO,,,,
NEAR_20260916230907,2026-09-16 23:08:57 UTC,NEAR/USDT,2.5880,0.6671,2.5362,2.6915,ABERTO,,,,
ARB_20260916230908,2026-09-16 23:08:57 UTC,ARB/USDT,0.1657,0.7481,0.1624,0.1723,ABERTO,,,,
NEAR_20260916232939,2026-09-16 23:29:28 UTC,NEAR/USDT,2.6130,0.6671,2.5607,2.7175,ABERTO,,,,
ARB_20260916232939,2026-09-16 23:29:28 UTC,ARB/USDT,0.1674,0.7481,0.1641,0.1741,ABERTO,,,,
NEAR_20260916234550,2026-09-16 23:45:44 UTC,NEAR/USDT,2.6280,0.6671,2.5754,2.7331,ABERTO,,,,
ARB_20260916234551,2026-09-16 23:45:44 UTC,ARB/USDT,0.1686,0.7481,0.1652,0.1753,ABERTO,,,,
NEAR_20260917001237,2026-09-17 00:12:29 UTC,NEAR/USDT,2.6510,0.6383,2.5980,2.7570,ABERTO,,,,
NEAR_20260917003759,2026-09-17 00:37:51 UTC,NEAR/USDT,2.6860,0.6383,2.6323,2.7934,ABERTO,,,,
NEAR_20260917005346,2026-09-17 00:53:36 UTC,NEAR/USDT,2.6760,0.6383,2.6225,2.7830,ABERTO,,,,
ARB_20260917011008,2026-09-17 01:09:56 UTC,ARB/USDT,0.1640,0.6065,0.1607,0.1706,ABERTO,,,,
ENA_20260917011011,2026-09-17 01:09:56 UTC,ENA/USDT,0.1530,0.6006,0.1499,0.1591,ABERTO,,,,
ARB_20260917013040,2026-09-17 01:30:28 UTC,ARB/USDT,0.1677,0.6065,0.1643,0.1744,ABERTO,,,,
ENA_20260917013045,2026-09-17 01:30:28 UTC,ENA/USDT,0.1537,0.6006,0.1506,0.1598,ABERTO,,,,
ARB_20260917014853,2026-09-17 01:48:42 UTC,ARB/USDT,0.1665,0.6065,0.1632,0.1732,ABERTO,,,,
ENA_20260917014857,2026-09-17 01:48:42 UTC,ENA/USDT,0.1532,0.6006,0.1501,0.1593,ABERTO,,,,
NEAR_20260917021000,2026-09-17 02:09:53 UTC,NEAR/USDT,2.5910,0.6682,2.5392,2.6946,ABERTO,,,,
UNI_20260917021001,2026-09-17 02:09:53 UTC,UNI/USDT,6.6910,0.6150,6.5572,6.9586,ABERTO,,,,
ENA_20260917021005,2026-09-17 02:09:53 UTC,ENA/USDT,0.1505,0.6595,0.1475,0.1565,ABERTO,,,,
NEAR_20260917023121,2026-09-17 02:31:15 UTC,NEAR/USDT,2.6130,0.6682,2.5607,2.7175,ABERTO,,,,
UNI_20260917023122,2026-09-17 02:31:15 UTC,UNI/USDT,6.6760,0.6150,6.5425,6.9430,ABERTO,,,,
ENA_20260917023125,2026-09-17 02:31:15 UTC,ENA/USDT,0.1505,0.6595,0.1475,0.1565,ABERTO,,,,
NEAR_20260917024901,2026-09-17 02:48:51 UTC,NEAR/USDT,2.6440,0.6682,2.5911,2.7498,ABERTO,,,,
UNI_20260917024903,2026-09-17 02:48:51 UTC,UNI/USDT,6.7020,0.6150,6.5680,6.9701,ABERTO,,,,
ENA_20260917024907,2026-09-17 02:48:51 UTC,ENA/USDT,0.1511,0.6595,0.1481,0.1571,ABERTO,,,,
NEAR_20260917030957,2026-09-17 03:09:50 UTC,NEAR/USDT,2.6600,0.6233,2.6068,2.7664,ABERTO,,,,
ARB_20260917030959,2026-09-17 03:09:50 UTC,ARB/USDT,0.1638,0.6239,0.1605,0.1704,ABERTO,,,,
NEAR_20260917033153,2026-09-17 03:31:44 UTC,NEAR/USDT,2.6800,0.6233,2.6264,2.7872,ABERTO,,,,
ARB_20260917033155,2026-09-17 03:31:44 UTC,ARB/USDT,0.1644,0.6239,0.1611,0.1710,ABERTO,,,,
NEAR_20260917034922,2026-09-17 03:49:15 UTC,NEAR/USDT,2.6980,0.6233,2.6440,2.8059,ABERTO,,,,
ARB_20260917034924,2026-09-17 03:49:15 UTC,ARB/USDT,0.1662,0.6239,0.1629,0.1728,ABERTO,,,,
UNI_20260917041003,2026-09-17 04:09:51 UTC,UNI/USDT,6.7680,0.7925,6.6326,7.0387,ABERTO,,,,
ENA_20260917041008,2026-09-17 04:09:51 UTC,ENA/USDT,0.1508,0.6573,0.1478,0.1568,ABERTO,,,,
UNI_20260917043203,2026-09-17 04:31:56 UTC,UNI/USDT,6.8100,0.7925,6.6738,7.0824,ABERTO,,,,
ENA_20260917043207,2026-09-17 04:31:56 UTC,ENA/USDT,0.1500,0.6573,0.1470,0.1560,ABERTO,,,,
UNI_20260917044913,2026-09-17 04:49:04 UTC,UNI/USDT,6.8250,0.7925,6.6885,7.0980,ABERTO,,,,
ENA_20260917044917,2026-09-17 04:49:04 UTC,ENA/USDT,0.1512,0.6573,0.1482,0.1572,ABERTO,,,,
NEAR_20260917050925,2026-09-17 05:09:17 UTC,NEAR/USDT,2.6630,0.6672,2.6097,2.7695,ABERTO,,,,
UNI_20260917050926,2026-09-17 05:09:17 UTC,UNI/USDT,6.8350,0.6677,6.6983,7.1084,ABERTO,,,,
NEAR_20260917053057,2026-09-17 05:30:48 UTC,NEAR/USDT,2.6590,0.6672,2.6058,2.7654,ABERTO,,,,
UNI_20260917053059,2026-09-17 05:30:48 UTC,UNI/USDT,6.7500,0.6677,6.6150,7.0200,ABERTO,,,,
NEAR_20260917054911,2026-09-17 05:49:06 UTC,NEAR/USDT,2.6610,0.6672,2.6078,2.7674,ABERTO,,,,
UNI_20260917054913,2026-09-17 05:49:06 UTC,UNI/USDT,6.7690,0.6677,6.6336,7.0398,ABERTO,,,,
ZEC_20260917061235,2026-09-17 06:12:30 UTC,ZEC/USDT,1362.9800,0.6141,1335.7204,1417.4992,ABERTO,,,,
NEAR_20260917061239,2026-09-17 06:12:30 UTC,NEAR/USDT,2.6690,0.7593,2.6156,2.7758,ABERTO,,,,
UNI_20260917061241,2026-09-17 06:12:30 UTC,UNI/USDT,6.7770,0.6432,6.6415,7.0481,ABERTO,,,,
ZEC_20260917063801,2026-09-17 06:37:57 UTC,ZEC/USDT,1359.1500,0.6141,1331.9670,1413.5160,ABERTO,,,,
NEAR_20260917063803,2026-09-17 06:37:57 UTC,NEAR/USDT,2.7040,0.7593,2.6499,2.8122,ABERTO,,,,
UNI_20260917063805,2026-09-17 06:37:57 UTC,UNI/USDT,6.7280,0.6432,6.5934,6.9971,ABERTO,,,,
ZEC_20260917065433,2026-09-17 06:54:30 UTC,ZEC/USDT,1354.9000,0.6141,1327.8020,1409.0960,ABERTO,,,,
NEAR_20260917065435,2026-09-17 06:54:30 UTC,NEAR/USDT,2.7000,0.7593,2.6460,2.8080,ABERTO,,,,
UNI_20260917065437,2026-09-17 06:54:30 UTC,UNI/USDT,6.7670,0.6432,6.6317,7.0377,ABERTO,,,,
NEAR_20260917071139,2026-09-17 07:11:32 UTC,NEAR/USDT,2.7380,0.6518,2.6832,2.8475,ABERTO,,,,
UNI_20260917071140,2026-09-17 07:11:32 UTC,UNI/USDT,6.8470,0.6559,6.7101,7.1209,ABERTO,,,,
ARB_20260917071141,2026-09-17 07:11:32 UTC,ARB/USDT,0.1665,0.6667,0.1632,0.1732,ABERTO,,,,
ENA_20260917071144,2026-09-17 07:11:32 UTC,ENA/USDT,0.1531,0.8397,0.1500,0.1592,ABERTO,,,,
NEAR_20260917073237,2026-09-17 07:32:29 UTC,NEAR/USDT,2.7370,0.6518,2.6823,2.8465,ABERTO,,,,
UNI_20260917073239,2026-09-17 07:32:29 UTC,UNI/USDT,6.8370,0.6559,6.7003,7.1105,ABERTO,,,,
ARB_20260917073241,2026-09-17 07:32:29 UTC,ARB/USDT,0.1656,0.6667,0.1623,0.1722,ABERTO,,,,
ENA_20260917073244,2026-09-17 07:32:29 UTC,ENA/USDT,0.1523,0.8397,0.1493,0.1584,ABERTO,,,,
NEAR_20260917074938,2026-09-17 07:49:31 UTC,NEAR/USDT,2.7270,0.6518,2.6725,2.8361,ABERTO,,,,
UNI_20260917074940,2026-09-17 07:49:31 UTC,UNI/USDT,6.8120,0.6559,6.6758,7.0845,ABERTO,,,,
ARB_20260917074942,2026-09-17 07:49:31 UTC,ARB/USDT,0.1658,0.6667,0.1625,0.1724,ABERTO,,,,
ENA_20260917074945,2026-09-17 07:49:31 UTC,ENA/USDT,0.1529,0.8397,0.1498,0.1590,ABERTO,,,,
NEAR_20260917081033,2026-09-17 08:10:25 UTC,NEAR/USDT,2.7220,0.6003,2.6676,2.8309,ABERTO,,,,
UNI_20260917081037,2026-09-17 08:10:25 UTC,UNI/USDT,6.8300,0.8670,6.6934,7.1032,ABERTO,,,,
ARB_20260917081037,2026-09-17 08:10:25 UTC,ARB/USDT,0.1652,0.7555,0.1619,0.1718,ABERTO,,,,
ENA_20260917081041,2026-09-17 08:10:25 UTC,ENA/USDT,0.1533,0.8013,0.1502,0.1594,ABERTO,,,,
NEAR_20260917083240,2026-09-17 08:32:32 UTC,NEAR/USDT,2.7280,0.6003,2.6734,2.8371,ABERTO,,,,
UNI_20260917083244,2026-09-17 08:32:32 UTC,UNI/USDT,6.9300,0.8670,6.7914,7.2072,ABERTO,,,,
ARB_20260917083244,2026-09-17 08:32:32 UTC,ARB/USDT,0.1651,0.7555,0.1618,0.1717,ABERTO,,,,
ENA_20260917083248,2026-09-17 08:32:32 UTC,ENA/USDT,0.1545,0.8013,0.1514,0.1607,ABERTO,,,,
NEAR_20260917084837,2026-09-17 08:48:31 UTC,NEAR/USDT,2.7510,0.6003,2.6960,2.8610,ABERTO,,,,
UNI_20260917084839,2026-09-17 08:48:31 UTC,UNI/USDT,7.0220,0.8670,6.8816,7.3029,ABERTO,,,,
ARB_20260917084840,2026-09-17 08:48:31 UTC,ARB/USDT,0.1670,0.7555,0.1637,0.1737,ABERTO,,,,
ENA_20260917084841,2026-09-17 08:48:31 UTC,ENA/USDT,0.1549,0.8013,0.1518,0.1611,ABERTO,,,,
UNI_20260917091013,2026-09-17 09:10:05 UTC,UNI/USDT,6.9420,0.6806,6.8032,7.2197,ABERTO,,,,
ENA_20260917091015,2026-09-17 09:10:05 UTC,ENA/USDT,0.1533,0.7381,0.1502,0.1594,ABERTO,,,,
DASH_20260917091017,2026-09-17 09:10:05 UTC,DASH/USDT,58.5100,0.6516,57.3398,60.8504,ABERTO,,,,
UNI_20260917093211,2026-09-17 09:32:02 UTC,UNI/USDT,6.9060,0.6806,6.7679,7.1822,ABERTO,,,,
ENA_20260917093214,2026-09-17 09:32:02 UTC,ENA/USDT,0.1529,0.7381,0.1498,0.1590,ABERTO,,,,
DASH_20260917093216,2026-09-17 09:32:02 UTC,DASH/USDT,57.8900,0.6516,56.7322,60.2056,ABERTO,,,,
UNI_20260917094914,2026-09-17 09:49:04 UTC,UNI/USDT,6.8730,0.6806,6.7355,7.1479,ABERTO,,,,
ENA_20260917094916,2026-09-17 09:49:04 UTC,ENA/USDT,0.1518,0.7381,0.1488,0.1579,ABERTO,,,,
DASH_20260917094919,2026-09-17 09:49:04 UTC,DASH/USDT,57.7300,0.6516,56.5754,60.0392,ABERTO,,,,
ZEC_20260917100939,2026-09-17 10:09:36 UTC,ZEC/USDT,1336.1700,0.6242,1309.4466,1389.6168,ABERTO,,,,
UNI_20260917100944,2026-09-17 10:09:36 UTC,UNI/USDT,6.8450,0.6599,6.7081,7.1188,ABERTO,,,,
ARB_20260917100944,2026-09-17 10:09:36 UTC,ARB/USDT,0.1639,0.6343,0.1606,0.1705,ABERTO,,,,
ZEC_20260917103107,2026-09-17 10:31:03 UTC,ZEC/USDT,1341.1200,0.6242,1314.2976,1394.7648,ABERTO,,,,
UNI_20260917103112,2026-09-17 10:31:03 UTC,UNI/USDT,6.7780,0.6599,6.6424,7.0491,ABERTO,,,,
ARB_20260917103113,2026-09-17 10:31:03 UTC,ARB/USDT,0.1641,0.6343,0.1608,0.1707,ABERTO,,,,
ZEC_20260917104918,2026-09-17 10:49:13 UTC,ZEC/USDT,1335.4700,0.6242,1308.7606,1388.8888,ABERTO,,,,
UNI_20260917104924,2026-09-17 10:49:13 UTC,UNI/USDT,6.8200,0.6599,6.6836,7.0928,ABERTO,,,,
ARB_20260917104924,2026-09-17 10:49:13 UTC,ARB/USDT,0.1639,0.6343,0.1606,0.1705,ABERTO,,,,
ZEC_20260917110929,2026-09-17 11:09:24 UTC,ZEC/USDT,1350.5500,0.6869,1323.5390,1404.5720,ABERTO,,,,
UNI_20260917110935,2026-09-17 11:09:24 UTC,UNI/USDT,6.8770,0.7243,6.7395,7.1521,ABERTO,,,,
ARB_20260917110936,2026-09-17 11:09:24 UTC,ARB/USDT,0.1664,0.6769,0.1631,0.1731,ABERTO,,,,
ENA_20260917110937,2026-09-17 11:09:24 UTC,ENA/USDT,0.1516,0.7213,0.1486,0.1577,ABERTO,,,,
ZEC_20260917113006,2026-09-17 11:30:00 UTC,ZEC/USDT,1355.5800,0.6869,1328.4684,1409.8032,ABERTO,,,,
UNI_20260917113013,2026-09-17 11:30:00 UTC,UNI/USDT,6.8770,0.7243,6.7395,7.1521,ABERTO,,,,
ARB_20260917113014,2026-09-17 11:30:00 UTC,ARB/USDT,0.1661,0.6769,0.1628,0.1727,ABERTO,,,,
ENA_20260917113016,2026-09-17 11:30:00 UTC,ENA/USDT,0.1510,0.7213,0.1480,0.1570,ABERTO,,,,
ZEC_20260917114803,2026-09-17 11:48:00 UTC,ZEC/USDT,1354.6300,0.6869,1327.5374,1408.8152,ABERTO,,,,
UNI_20260917114808,2026-09-17 11:48:00 UTC,UNI/USDT,6.8080,0.7243,6.6718,7.0803,ABERTO,,,,
ARB_20260917114809,2026-09-17 11:48:00 UTC,ARB/USDT,0.1651,0.6769,0.1618,0.1717,ABERTO,,,,
ENA_20260917114810,2026-09-17 11:48:00 UTC,ENA/USDT,0.1505,0.7213,0.1475,0.1565,ABERTO,,,,
ZEC_20260917121227,2026-09-17 12:12:22 UTC,ZEC/USDT,1373.5400,0.6902,1346.0692,1428.4816,ABERTO,,,,
UNI_20260917121232,2026-09-17 12:12:22 UTC,UNI/USDT,6.9880,0.7462,6.8482,7.2675,ABERTO,,,,
ARB_20260917121234,2026-09-17 12:12:22 UTC,ARB/USDT,0.1659,0.7260,0.1626,0.1725,ABERTO,,,,
ZEC_20260917123648,2026-09-17 12:36:43 UTC,ZEC/USDT,1369.2800,0.6902,1341.8944,1424.0512,ABERTO,,,,
UNI_20260917123653,2026-09-17 12:36:43 UTC,UNI/USDT,6.8490,0.7462,6.7120,7.1230,ABERTO,,,,
ARB_20260917123656,2026-09-17 12:36:43 UTC,ARB/USDT,0.1649,0.7260,0.1616,0.1715,ABERTO,,,,
ZEC_20260917125310,2026-09-17 12:53:06 UTC,ZEC/USDT,1362.5200,0.6902,1335.2696,1417.0208,ABERTO,,,,
UNI_20260917125314,2026-09-17 12:53:06 UTC,UNI/USDT,6.8640,0.7462,6.7267,7.1386,ABERTO,,,,
ARB_20260917125316,2026-09-17 12:53:06 UTC,ARB/USDT,0.1641,0.7260,0.1608,0.1707,ABERTO,,,,
ENA_20260917141104,2026-09-17 14:10:55 UTC,ENA/USDT,0.1530,0.6589,0.1499,0.1591,ABERTO,,,,
ENA_20260917143230,2026-09-17 14:32:21 UTC,ENA/USDT,0.1546,0.6589,0.1515,0.1608,ABERTO,,,,
ENA_20260917144917,2026-09-17 14:49:04 UTC,ENA/USDT,0.1522,0.6589,0.1492,0.1583,ABERTO,,,,
ARB_20260917151048,2026-09-17 15:10:36 UTC,ARB/USDT,0.1631,0.6015,0.1598,0.1696,ABERTO,,,,
ARB_20260917153044,2026-09-17 15:30:34 UTC,ARB/USDT,0.1642,0.6015,0.1609,0.1708,ABERTO,,,,
ARB_20260917154904,2026-09-17 15:48:50 UTC,ARB/USDT,0.1672,0.6015,0.1639,0.1739,ABERTO,,,,
ENA_20260917161039,2026-09-17 16:10:30 UTC,ENA/USDT,0.1539,0.7528,0.1508,0.1601,ABERTO,,,,
ENA_20260917163135,2026-09-17 16:31:25 UTC,ENA/USDT,0.1563,0.7528,0.1532,0.1626,ABERTO,,,,
ENA_20260917164857,2026-09-17 16:48:45 UTC,ENA/USDT,0.1546,0.7528,0.1515,0.1608,ABERTO,,,,
ENA_20260917170846,2026-09-17 17:08:33 UTC,ENA/USDT,0.1574,0.6085,0.1543,0.1637,ABERTO,,,,
ENA_20260917172852,2026-09-17 17:28:39 UTC,ENA/USDT,0.1557,0.6085,0.1526,0.1619,ABERTO,,,,
ENA_20260917174808,2026-09-17 17:47:58 UTC,ENA/USDT,0.1571,0.6085,0.1540,0.1634,ABERTO,,,,
DASH_20260917181142,2026-09-17 18:11:29 UTC,DASH/USDT,61.8400,0.6827,60.6032,64.3136,ABERTO,,,,
DASH_20260917185115,2026-09-17 18:50:58 UTC,DASH/USDT,60.9200,0.6827,59.7016,63.3568,ABERTO,,,,
ENA_20260917201017,2026-09-17 20:10:07 UTC,ENA/USDT,0.1542,0.7442,0.1511,0.1604,ABERTO,,,,
MARSCOIN_20260917201019,2026-09-17 20:10:07 UTC,MARSCOIN/USDT,0.1162,0.6065,0.1139,0.1208,ABERTO,,,,
ENA_20260917203057,2026-09-17 20:30:48 UTC,ENA/USDT,0.1554,0.7442,0.1523,0.1616,ABERTO,,,,
MARSCOIN_20260917203059,2026-09-17 20:30:48 UTC,MARSCOIN/USDT,0.1175,0.6065,0.1151,0.1222,ABERTO,,,,
ENA_20260917204606,2026-09-17 20:45:57 UTC,ENA/USDT,0.1544,0.7442,0.1513,0.1606,ABERTO,,,,
MARSCOIN_20260917204607,2026-09-17 20:45:57 UTC,MARSCOIN/USDT,0.1160,0.6065,0.1137,0.1206,ABERTO,,,,
ENA_20260917210945,2026-09-17 21:09:32 UTC,ENA/USDT,0.1538,0.6334,0.1507,0.1600,ABERTO,,,,
MARSCOIN_20260917210947,2026-09-17 21:09:32 UTC,MARSCOIN/USDT,0.1156,0.6027,0.1133,0.1202,ABERTO,,,,
DASH_20260917210948,2026-09-17 21:09:32 UTC,DASH/USDT,60.9300,0.6946,59.7114,63.3672,ABERTO,,,,
ENA_20260917212930,2026-09-17 21:29:17 UTC,ENA/USDT,0.1537,0.6334,0.1506,0.1598,ABERTO,,,,
MARSCOIN_20260917212932,2026-09-17 21:29:17 UTC,MARSCOIN/USDT,0.1148,0.6027,0.1125,0.1194,ABERTO,,,,
DASH_20260917212933,2026-09-17 21:29:17 UTC,DASH/USDT,61.1500,0.6946,59.9270,63.5960,ABERTO,,,,
ENA_20260917214531,2026-09-17 21:45:18 UTC,ENA/USDT,0.1536,0.6334,0.1505,0.1597,ABERTO,,,,
MARSCOIN_20260917214535,2026-09-17 21:45:18 UTC,MARSCOIN/USDT,0.1157,0.6027,0.1134,0.1203,ABERTO,,,,
DASH_20260917214536,2026-09-17 21:45:18 UTC,DASH/USDT,61.5600,0.6946,60.3288,64.0224,ABERTO,,,,
ENA_20260917230800,2026-09-17 23:07:48 UTC,ENA/USDT,0.1529,0.6665,0.1498,0.1590,ABERTO,,,,
DASH_20260917230803,2026-09-17 23:07:48 UTC,DASH/USDT,61.2200,0.6630,59.9956,63.6688,ABERTO,,,,
ENA_20260917232632,2026-09-17 23:26:23 UTC,ENA/USDT,0.1540,0.6665,0.1509,0.1602,ABERTO,,,,
DASH_20260917232634,2026-09-17 23:26:23 UTC,DASH/USDT,61.0600,0.6630,59.8388,63.5024,ABERTO,,,,
ENA_20260917234524,2026-09-17 23:45:14 UTC,ENA/USDT,0.1543,0.6665,0.1512,0.1605,ABERTO,,,,
DASH_20260917234526,2026-09-17 23:45:14 UTC,DASH/USDT,61.1500,0.6630,59.9270,63.5960,ABERTO,,,,
ENA_20260918001300,2026-09-18 00:12:49 UTC,ENA/USDT,0.1555,0.7290,0.1524,0.1617,ABERTO,,,,
MARSCOIN_20260918001301,2026-09-18 00:12:49 UTC,MARSCOIN/USDT,0.1161,0.6150,0.1138,0.1207,ABERTO,,,,
DASH_20260918001302,2026-09-18 00:12:49 UTC,DASH/USDT,60.9000,0.7677,59.6820,63.3360,ABERTO,,,,
ENA_20260918003704,2026-09-18 00:36:52 UTC,ENA/USDT,0.1531,0.7290,0.1500,0.1592,ABERTO,,,,
MARSCOIN_20260918003705,2026-09-18 00:36:52 UTC,MARSCOIN/USDT,0.1163,0.6150,0.1140,0.1210,ABERTO,,,,
DASH_20260918003706,2026-09-18 00:36:52 UTC,DASH/USDT,60.2800,0.7677,59.0744,62.6912,ABERTO,,,,
ENA_20260918005146,2026-09-18 00:51:37 UTC,ENA/USDT,0.1536,0.7290,0.1505,0.1597,ABERTO,,,,
MARSCOIN_20260918005147,2026-09-18 00:51:37 UTC,MARSCOIN/USDT,0.1166,0.6150,0.1143,0.1213,ABERTO,,,,
DASH_20260918005148,2026-09-18 00:51:37 UTC,DASH/USDT,60.6000,0.7677,59.3880,63.0240,ABERTO,,,,
ENA_20260918010926,2026-09-18 01:09:16 UTC,ENA/USDT,0.1568,0.7894,0.1537,0.1631,ABERTO,,,,
MARSCOIN_20260918010926,2026-09-18 01:09:16 UTC,MARSCOIN/USDT,0.1175,0.6081,0.1151,0.1222,ABERTO,,,,
DASH_20260918010927,2026-09-18 01:09:16 UTC,DASH/USDT,60.9100,0.6564,59.6918,63.3464,ABERTO,,,,
ENA_20260918012852,2026-09-18 01:28:36 UTC,ENA/USDT,0.1577,0.7894,0.1545,0.1640,ABERTO,,,,
MARSCOIN_20260918012853,2026-09-18 01:28:36 UTC,MARSCOIN/USDT,0.1175,0.6081,0.1151,0.1222,ABERTO,,,,
DASH_20260918012854,2026-09-18 01:28:36 UTC,DASH/USDT,60.4600,0.6564,59.2508,62.8784,ABERTO,,,,
ENA_20260918014730,2026-09-18 01:47:18 UTC,ENA/USDT,0.1596,0.7894,0.1564,0.1660,ABERTO,,,,
MARSCOIN_20260918014731,2026-09-18 01:47:18 UTC,MARSCOIN/USDT,0.1156,0.6081,0.1133,0.1202,ABERTO,,,,
DASH_20260918014732,2026-09-18 01:47:18 UTC,DASH/USDT,60.6900,0.6564,59.4762,63.1176,ABERTO,,,,
SUI_20260918020942,2026-09-18 02:09:33 UTC,SUI/USDT,0.7613,0.7219,0.7461,0.7918,ABERTO,,,,
MARSCOIN_20260918020945,2026-09-18 02:09:33 UTC,MARSCOIN/USDT,0.1162,0.6446,0.1139,0.1208,ABERTO,,,,
DASH_20260918020946,2026-09-18 02:09:33 UTC,DASH/USDT,61.6000,0.7606,60.3680,64.0640,ABERTO,,,,
ONDO_20260918020946,2026-09-18 02:09:33 UTC,ONDO/USDT,0.3850,0.6617,0.3773,0.4004,ABERTO,,,,
SUI_20260918023145,2026-09-18 02:31:36 UTC,SUI/USDT,0.7672,0.7219,0.7519,0.7979,ABERTO,,,,
MARSCOIN_20260918023147,2026-09-18 02:31:36 UTC,MARSCOIN/USDT,0.1182,0.6446,0.1158,0.1229,ABERTO,,,,
ONDO_20260918023148,2026-09-18 02:31:36 UTC,ONDO/USDT,0.3861,0.6617,0.3784,0.4015,ABERTO,,,,
SUI_20260918024748,2026-09-18 02:47:39 UTC,SUI/USDT,0.7663,0.7219,0.7510,0.7970,ABERTO,,,,
MARSCOIN_20260918024750,2026-09-18 02:47:39 UTC,MARSCOIN/USDT,0.1164,0.6446,0.1141,0.1211,ABERTO,,,,
SUI_20260918030932,2026-09-18 03:09:21 UTC,SUI/USDT,0.7707,0.6971,0.7553,0.8015,ABERTO,,,,
ADA_20260918030935,2026-09-18 03:09:21 UTC,ADA/USDT,0.2140,0.6492,0.2097,0.2226,ABERTO,,,,
SUI_20260918033030,2026-09-18 03:30:21 UTC,SUI/USDT,0.7838,0.6971,0.7681,0.8152,ABERTO,,,,
ADA_20260918033033,2026-09-18 03:30:21 UTC,ADA/USDT,0.2152,0.6492,0.2109,0.2238,ABERTO,,,,
ONDO_20260918033034,2026-09-18 03:30:21 UTC,ONDO/USDT,0.3923,0.6913,0.3845,0.4080,ABERTO,,,,
SUI_20260918034758,2026-09-18 03:47:47 UTC,SUI/USDT,0.7821,0.6971,0.7665,0.8134,ABERTO,,,,
ADA_20260918034801,2026-09-18 03:47:47 UTC,ADA/USDT,0.2161,0.6492,0.2118,0.2247,ABERTO,,,,
ONDO_20260918034804,2026-09-18 03:47:47 UTC,ONDO/USDT,0.3918,0.6913,0.3840,0.4075,ABERTO,,,,
BTC_20260918040929,2026-09-18 04:09:27 UTC,BTC/USDT,77263.2900,0.6559,75718.0242,80353.8216,ABERTO,,,,
ETH_20260918040930,2026-09-18 04:09:27 UTC,ETH/USDT,2474.6400,0.6095,2425.1472,2573.6256,ABERTO,,,,
THE_20260918040934,2026-09-18 04:09:27 UTC,THE/USDT,0.0704,0.7649,0.0690,0.0732,ABERTO,,,,
ADA_20260918040937,2026-09-18 04:09:27 UTC,ADA/USDT,0.2148,0.6617,0.2105,0.2234,ABERTO,,,,
BTC_20260918043033,2026-09-18 04:30:30 UTC,BTC/USDT,77295.5100,0.6559,75749.5998,80387.3304,ABERTO,,,,
ETH_20260918043035,2026-09-18 04:30:30 UTC,ETH/USDT,2472.8200,0.6095,2423.3636,2571.7328,ABERTO,,,,
THE_20260918043040,2026-09-18 04:30:30 UTC,THE/USDT,0.0701,0.7649,0.0687,0.0729,ABERTO,,,,
ADA_20260918043044,2026-09-18 04:30:30 UTC,ADA/USDT,0.2134,0.6617,0.2091,0.2219,ABERTO,,,,
BTC_20260918044744,2026-09-18 04:47:41 UTC,BTC/USDT,77411.2600,0.6559,75863.0348,80507.7104,ABERTO,,,,
ETH_20260918044745,2026-09-18 04:47:41 UTC,ETH/USDT,2477.6200,0.6095,2428.0676,2576.7248,ABERTO,,,,
THE_20260918044751,2026-09-18 04:47:41 UTC,THE/USDT,0.0703,0.7649,0.0689,0.0731,ABERTO,,,,
ADA_20260918044755,2026-09-18 04:47:41 UTC,ADA/USDT,0.2146,0.6617,0.2103,0.2232,ABERTO,,,,
BTC_20260918050902,2026-09-18 05:08:59 UTC,BTC/USDT,77585.7100,0.6083,76033.9958,80689.1384,ABERTO,,,,
SOL_20260918050904,2026-09-18 05:08:59 UTC,SOL/USDT,106.0700,0.7883,103.9486,110.3128,ABERTO,,,,
THE_20260918050908,2026-09-18 05:08:59 UTC,THE/USDT,0.0707,0.7015,0.0693,0.0735,ABERTO,,,,
ONDO_20260918050913,2026-09-18 05:08:59 UTC,ONDO/USDT,0.3870,0.6640,0.3793,0.4025,ABERTO,,,,
BTC_20260918052910,2026-09-18 05:29:07 UTC,BTC/USDT,77586.7500,0.6083,76035.0150,80690.2200,ABERTO,,,,
SOL_20260918052913,2026-09-18 05:29:07 UTC,SOL/USDT,105.7000,0.7883,103.5860,109.9280,ABERTO,,,,
THE_20260918052918,2026-09-18 05:29:07 UTC,THE/USDT,0.0707,0.7015,0.0693,0.0735,ABERTO,,,,
ONDO_20260918052924,2026-09-18 05:29:07 UTC,ONDO/USDT,0.3823,0.6640,0.3747,0.3976,ABERTO,,,,
BTC_20260918054727,2026-09-18 05:47:25 UTC,BTC/USDT,77521.1600,0.6083,75970.7368,80622.0064,ABERTO,,,,
SOL_20260918054729,2026-09-18 05:47:25 UTC,SOL/USDT,105.4000,0.7883,103.2920,109.6160,ABERTO,,,,
THE_20260918054733,2026-09-18 05:47:25 UTC,THE/USDT,0.0709,0.7015,0.0695,0.0737,ABERTO,,,,
ONDO_20260918054737,2026-09-18 05:47:25 UTC,ONDO/USDT,0.3802,0.6640,0.3726,0.3954,ABERTO,,,,
SOL_20260918061154,2026-09-18 06:11:48 UTC,SOL/USDT,105.5900,0.7767,103.4782,109.8136,ABERTO,,,,
BNB_20260918061157,2026-09-18 06:11:48 UTC,BNB/USDT,754.4600,0.6296,739.3708,784.6384,ABERTO,,,,
SUI_20260918061159,2026-09-18 06:11:48 UTC,SUI/USDT,0.7763,0.6985,0.7608,0.8074,ABERTO,,,,
THE_20260918061200,2026-09-18 06:11:48 UTC,THE/USDT,0.0708,0.7257,0.0694,0.0736,ABERTO,,,,
ENA_20260918061201,2026-09-18 06:11:48 UTC,ENA/USDT,0.1630,0.7551,0.1597,0.1695,ABERTO,,,,
ONDO_20260918061205,2026-09-18 06:11:48 UTC,ONDO/USDT,0.3835,0.6751,0.3758,0.3988,ABERTO,,,,
SOL_20260918063632,2026-09-18 06:36:27 UTC,SOL/USDT,105.6100,0.7767,103.4978,109.8344,ABERTO,,,,
BNB_20260918063634,2026-09-18 06:36:27 UTC,BNB/USDT,752.4700,0.6296,737.4206,782.5688,ABERTO,,,,
SUI_20260918063635,2026-09-18 06:36:27 UTC,SUI/USDT,0.7794,0.6985,0.7638,0.8106,ABERTO,,,,
THE_20260918063636,2026-09-18 06:36:27 UTC,THE/USDT,0.0707,0.7257,0.0693,0.0735,ABERTO,,,,
ENA_20260918063637,2026-09-18 06:36:27 UTC,ENA/USDT,0.1660,0.7551,0.1627,0.1726,ABERTO,,,,
ONDO_20260918063639,2026-09-18 06:36:27 UTC,ONDO/USDT,0.3854,0.6751,0.3777,0.4008,ABERTO,,,,
SOL_20260918065143,2026-09-18 06:51:38 UTC,SOL/USDT,105.4800,0.7767,103.3704,109.6992,ABERTO,,,,
BNB_20260918065146,2026-09-18 06:51:38 UTC,BNB/USDT,753.7700,0.6296,738.6946,783.9208,ABERTO,,,,
SUI_20260918065147,2026-09-18 06:51:38 UTC,SUI/USDT,0.7782,0.6985,0.7626,0.8093,ABERTO,,,,
ENA_20260918065148,2026-09-18 06:51:38 UTC,ENA/USDT,0.1664,0.7551,0.1631,0.1731,ABERTO,,,,
THE_20260918065149,2026-09-18 06:51:38 UTC,THE/USDT,0.0705,0.7257,0.0691,0.0733,ABERTO,,,,
ONDO_20260918065151,2026-09-18 06:51:38 UTC,ONDO/USDT,0.3865,0.6751,0.3788,0.4020,ABERTO,,,,
ETH_20260918070949,2026-09-18 07:09:45 UTC,ETH/USDT,2488.5600,0.6025,2438.7888,2588.1024,ABERTO,,,,
SOL_20260918070950,2026-09-18 07:09:45 UTC,SOL/USDT,105.7200,0.8212,103.6056,109.9488,ABERTO,,,,
SUI_20260918070955,2026-09-18 07:09:45 UTC,SUI/USDT,0.7800,0.7945,0.7644,0.8112,ABERTO,,,,
THE_20260918070958,2026-09-18 07:09:45 UTC,THE/USDT,0.0706,0.7370,0.0692,0.0734,ABERTO,,,,
ONDO_20260918071000,2026-09-18 07:09:45 UTC,ONDO/USDT,0.3858,0.8079,0.3781,0.4012,ABERTO,,,,
ETH_20260918073020,2026-09-18 07:30:16 UTC,ETH/USDT,2494.5200,0.6025,2444.6296,2594.3008,ABERTO,,,,
SOL_20260918073022,2026-09-18 07:30:16 UTC,SOL/USDT,105.8400,0.8212,103.7232,110.0736,ABERTO,,,,
SUI_20260918073027,2026-09-18 07:30:16 UTC,SUI/USDT,0.7807,0.7945,0.7651,0.8119,ABERTO,,,,
ONDO_20260918073031,2026-09-18 07:30:16 UTC,ONDO/USDT,0.3862,0.8079,0.3785,0.4016,ABERTO,,,,
THE_20260918073032,2026-09-18 07:30:16 UTC,THE/USDT,0.0709,0.7370,0.0695,0.0737,ABERTO,,,,
ETH_20260918074744,2026-09-18 07:47:40 UTC,ETH/USDT,2490.7500,0.6025,2440.9350,2590.3800,ABERTO,,,,
SOL_20260918074745,2026-09-18 07:47:40 UTC,SOL/USDT,106.0600,0.8212,103.9388,110.3024,ABERTO,,,,
SUI_20260918074749,2026-09-18 07:47:40 UTC,SUI/USDT,0.7822,0.7945,0.7666,0.8135,ABERTO,,,,
ONDO_20260918074752,2026-09-18 07:47:40 UTC,ONDO/USDT,0.3854,0.8079,0.3777,0.4008,ABERTO,,,,
GENIUS_20260918074753,2026-09-18 07:47:40 UTC,GENIUS/USDT,0.3463,0.6775,0.3394,0.3602,ABERTO,,,,
SOL_20260918081007,2026-09-18 08:10:02 UTC,SOL/USDT,105.3900,0.8282,103.2822,109.6056,ABERTO,,,,
SUI_20260918081011,2026-09-18 08:10:02 UTC,SUI/USDT,0.7774,0.7491,0.7619,0.8085,ABERTO,,,,
WLD_20260918081013,2026-09-18 08:10:02 UTC,WLD/USDT,0.4287,0.6450,0.4201,0.4458,ABERTO,,,,
ADA_20260918081013,2026-09-18 08:10:02 UTC,ADA/USDT,0.2139,0.7237,0.2096,0.2225,ABERTO,,,,
ONDO_20260918081014,2026-09-18 08:10:02 UTC,ONDO/USDT,0.3832,0.6192,0.3755,0.3985,ABERTO,,,,
SOL_20260918083142,2026-09-18 08:31:37 UTC,SOL/USDT,105.8500,0.8282,103.7330,110.0840,ABERTO,,,,
SUI_20260918083145,2026-09-18 08:31:37 UTC,SUI/USDT,0.7815,0.7491,0.7659,0.8128,ABERTO,,,,
WLD_20260918083147,2026-09-18 08:31:37 UTC,WLD/USDT,0.4296,0.6450,0.4210,0.4468,ABERTO,,,,
ADA_20260918083148,2026-09-18 08:31:37 UTC,ADA/USDT,0.2145,0.7237,0.2102,0.2231,ABERTO,,,,
ONDO_20260918083149,2026-09-18 08:31:37 UTC,ONDO/USDT,0.3864,0.6192,0.3787,0.4019,ABERTO,,,,
SOL_20260918084851,2026-09-18 08:48:46 UTC,SOL/USDT,105.8900,0.8282,103.7722,110.1256,ABERTO,,,,
SUI_20260918084856,2026-09-18 08:48:46 UTC,SUI/USDT,0.7851,0.7491,0.7694,0.8165,ABERTO,,,,
WLD_20260918084858,2026-09-18 08:48:46 UTC,WLD/USDT,0.4336,0.6450,0.4249,0.4509,ABERTO,,,,
ADA_20260918084858,2026-09-18 08:48:46 UTC,ADA/USDT,0.2148,0.7237,0.2105,0.2234,ABERTO,,,,
ONDO_20260918084859,2026-09-18 08:48:46 UTC,ONDO/USDT,0.3863,0.6192,0.3786,0.4018,ABERTO,,,,
SOL_20260918090920,2026-09-18 09:09:16 UTC,SOL/USDT,106.3100,0.7939,104.1838,110.5624,ABERTO,,,,
SUI_20260918090924,2026-09-18 09:09:16 UTC,SUI/USDT,0.7881,0.6748,0.7723,0.8196,ABERTO,,,,
ADA_20260918090926,2026-09-18 09:09:16 UTC,ADA/USDT,0.2156,0.7444,0.2113,0.2242,ABERTO,,,,
ONDO_20260918090927,2026-09-18 09:09:16 UTC,ONDO/USDT,0.3864,0.7698,0.3787,0.4019,ABERTO,,,,
SOL_20260918093050,2026-09-18 09:30:45 UTC,SOL/USDT,106.0800,0.7939,103.9584,110.3232,ABERTO,,,,
SUI_20260918093054,2026-09-18 09:30:45 UTC,SUI/USDT,0.7884,0.6748,0.7726,0.8199,ABERTO,,,,
ADA_20260918093056,2026-09-18 09:30:45 UTC,ADA/USDT,0.2149,0.7444,0.2106,0.2235,ABERTO,,,,
ONDO_20260918093057,2026-09-18 09:30:45 UTC,ONDO/USDT,0.3873,0.7698,0.3796,0.4028,ABERTO,,,,
SOL_20260918094744,2026-09-18 09:47:40 UTC,SOL/USDT,106.3300,0.7939,104.2034,110.5832,ABERTO,,,,
SUI_20260918094749,2026-09-18 09:47:40 UTC,SUI/USDT,0.7958,0.6748,0.7799,0.8276,ABERTO,,,,
ADA_20260918094750,2026-09-18 09:47:40 UTC,ADA/USDT,0.2157,0.7444,0.2114,0.2243,ABERTO,,,,
ONDO_20260918094751,2026-09-18 09:47:40 UTC,ONDO/USDT,0.3892,0.7698,0.3814,0.4048,ABERTO,,,,
SOL_20260918101013,2026-09-18 10:10:09 UTC,SOL/USDT,106.3900,0.7760,104.2622,110.6456,ABERTO,,,,
REZ_20260918101014,2026-09-18 10:10:09 UTC,REZ/USDT,0.0039,0.6208,0.0039,0.0041,ABERTO,,,,
SUI_20260918101017,2026-09-18 10:10:09 UTC,SUI/USDT,0.7981,0.6019,0.7821,0.8300,ABERTO,,,,
ADA_20260918101019,2026-09-18 10:10:09 UTC,ADA/USDT,0.2159,0.7451,0.2116,0.2245,ABERTO,,,,
ONDO_20260918101020,2026-09-18 10:10:09 UTC,ONDO/USDT,0.3914,0.7743,0.3836,0.4071,ABERTO,,,,
SOL_20260918103024,2026-09-18 10:30:18 UTC,SOL/USDT,106.5900,0.7760,104.4582,110.8536,ABERTO,,,,
REZ_20260918103026,2026-09-18 10:30:18 UTC,REZ/USDT,0.0040,0.6208,0.0039,0.0041,ABERTO,,,,
SUI_20260918103028,2026-09-18 10:30:18 UTC,SUI/USDT,0.8020,0.6019,0.7860,0.8341,ABERTO,,,,
ADA_20260918103030,2026-09-18 10:30:18 UTC,ADA/USDT,0.2162,0.7451,0.2119,0.2248,ABERTO,,,,
PROVE_20260918103031,2026-09-18 10:30:18 UTC,PROVE/USDT,0.1975,0.7779,0.1935,0.2054,ABERTO,,,,
ONDO_20260918103032,2026-09-18 10:30:18 UTC,ONDO/USDT,0.3924,0.7743,0.3846,0.4081,ABERTO,,,,
SOL_20260918104732,2026-09-18 10:47:25 UTC,SOL/USDT,106.4900,0.7760,104.3602,110.7496,ABERTO,,,,
REZ_20260918104735,2026-09-18 10:47:25 UTC,REZ/USDT,0.0040,0.6208,0.0039,0.0041,ABERTO,,,,
SUI_20260918104738,2026-09-18 10:47:25 UTC,SUI/USDT,0.7985,0.6019,0.7825,0.8304,ABERTO,,,,
PROVE_20260918104738,2026-09-18 10:47:25 UTC,PROVE/USDT,0.1943,0.7779,0.1904,0.2021,ABERTO,,,,
ADA_20260918104741,2026-09-18 10:47:25 UTC,ADA/USDT,0.2157,0.7451,0.2114,0.2243,ABERTO,,,,
ONDO_20260918104743,2026-09-18 10:47:25 UTC,ONDO/USDT,0.3927,0.7743,0.3848,0.4084,ABERTO,,,,
SOL_20260918110922,2026-09-18 11:09:16 UTC,SOL/USDT,105.6700,0.7144,103.5566,109.8968,ABERTO,,,,
SUI_20260918110927,2026-09-18 11:09:16 UTC,SUI/USDT,0.7849,0.7323,0.7692,0.8163,ABERTO,,,,
ENA_20260918110928,2026-09-18 11:09:16 UTC,ENA/USDT,0.1626,0.6125,0.1593,0.1691,ABERTO,,,,
ADA_20260918110929,2026-09-18 11:09:16 UTC,ADA/USDT,0.2136,0.7018,0.2093,0.2221,ABERTO,,,,
ONDO_20260918110930,2026-09-18 11:09:16 UTC,ONDO/USDT,0.3862,0.8392,0.3785,0.4016,ABERTO,,,,
SOL_20260918112913,2026-09-18 11:29:06 UTC,SOL/USDT,105.5600,0.7144,103.4488,109.7824,ABERTO,,,,
SUI_20260918112918,2026-09-18 11:29:06 UTC,SUI/USDT,0.7880,0.7323,0.7722,0.8195,ABERTO,,,,
ENA_20260918112920,2026-09-18 11:29:06 UTC,ENA/USDT,0.1625,0.6125,0.1593,0.1690,ABERTO,,,,
ADA_20260918112921,2026-09-18 11:29:06 UTC,ADA/USDT,0.2133,0.7018,0.2090,0.2218,ABERTO,,,,
ONDO_20260918112922,2026-09-18 11:29:06 UTC,ONDO/USDT,0.3865,0.8392,0.3788,0.4020,ABERTO,,,,
GENIUS_20260918112923,2026-09-18 11:29:06 UTC,GENIUS/USDT,0.3224,0.7165,0.3160,0.3353,ABERTO,,,,
SOL_20260918114647,2026-09-18 11:46:41 UTC,SOL/USDT,105.7100,0.7144,103.5958,109.9384,ABERTO,,,,
SUI_20260918114652,2026-09-18 11:46:41 UTC,SUI/USDT,0.7895,0.7323,0.7737,0.8211,ABERTO,,,,
ENA_20260918114654,2026-09-18 11:46:41 UTC,ENA/USDT,0.1635,0.6125,0.1602,0.1700,ABERTO,,,,
ADA_20260918114655,2026-09-18 11:46:41 UTC,ADA/USDT,0.2144,0.7018,0.2101,0.2230,ABERTO,,,,
ONDO_20260918114656,2026-09-18 11:46:41 UTC,ONDO/USDT,0.3870,0.8392,0.3793,0.4025,ABERTO,,,,
SUI_20260918121149,2026-09-18 12:11:41 UTC,SUI/USDT,0.7896,0.6691,0.7738,0.8212,ABERTO,,,,
PROVE_20260918121149,2026-09-18 12:11:41 UTC,PROVE/USDT,0.2009,0.8364,0.1969,0.2089,ABERTO,,,,
ADA_20260918121151,2026-09-18 12:11:41 UTC,ADA/USDT,0.2131,0.7314,0.2088,0.2216,ABERTO,,,,
ONDO_20260918121152,2026-09-18 12:11:41 UTC,ONDO/USDT,0.3904,0.6995,0.3826,0.4060,ABERTO,,,,
SUI_20260918123524,2026-09-18 12:35:12 UTC,SUI/USDT,0.7972,0.6691,0.7813,0.8291,ABERTO,,,,
PROVE_20260918123525,2026-09-18 12:35:12 UTC,PROVE/USDT,0.1997,0.8364,0.1957,0.2077,ABERTO,,,,
ADA_20260918123528,2026-09-18 12:35:12 UTC,ADA/USDT,0.2153,0.7314,0.2110,0.2239,ABERTO,,,,
ONDO_20260918123530,2026-09-18 12:35:12 UTC,ONDO/USDT,0.3952,0.6995,0.3873,0.4110,ABERTO,,,,
SUI_20260918125134,2026-09-18 12:51:23 UTC,SUI/USDT,0.7992,0.6691,0.7832,0.8312,ABERTO,,,,
PROVE_20260918125135,2026-09-18 12:51:23 UTC,PROVE/USDT,0.1993,0.8364,0.1953,0.2073,ABERTO,,,,
ADA_20260918125137,2026-09-18 12:51:23 UTC,ADA/USDT,0.2151,0.7314,0.2108,0.2237,ABERTO,,,,
ONDO_20260918125138,2026-09-18 12:51:23 UTC,ONDO/USDT,0.3969,0.6995,0.3890,0.4128,ABERTO,,,,
SUI_20260918130909,2026-09-18 13:08:59 UTC,SUI/USDT,0.7969,0.6027,0.7810,0.8288,ABERTO,,,,
PROVE_20260918130910,2026-09-18 13:08:59 UTC,PROVE/USDT,0.1988,0.6702,0.1948,0.2068,ABERTO,,,,
ADA_20260918130911,2026-09-18 13:08:59 UTC,ADA/USDT,0.2155,0.7606,0.2112,0.2241,ABERTO,,,,
SUI_20260918133005,2026-09-18 13:29:53 UTC,SUI/USDT,0.7990,0.6027,0.7830,0.8310,ABERTO,,,,
PROVE_20260918133006,2026-09-18 13:29:53 UTC,PROVE/USDT,0.1988,0.6702,0.1948,0.2068,ABERTO,,,,
ADA_20260918133008,2026-09-18 13:29:53 UTC,ADA/USDT,0.2159,0.7606,0.2116,0.2245,ABERTO,,,,
SUI_20260918134822,2026-09-18 13:48:10 UTC,SUI/USDT,0.8100,0.6027,0.7938,0.8424,ABERTO,,,,
PROVE_20260918134823,2026-09-18 13:48:10 UTC,PROVE/USDT,0.2003,0.6702,0.1963,0.2083,ABERTO,,,,
ADA_20260918134825,2026-09-18 13:48:10 UTC,ADA/USDT,0.2174,0.7606,0.2131,0.2261,ABERTO,,,,
SOL_20260918140940,2026-09-18 14:09:34 UTC,SOL/USDT,108.5800,0.6570,106.4084,112.9232,ABERTO,,,,
DOGE_20260918140944,2026-09-18 14:09:34 UTC,DOGE/USDT,0.0870,0.6216,0.0853,0.0905,ABERTO,,,,
PROVE_20260918140946,2026-09-18 14:09:34 UTC,PROVE/USDT,0.2026,0.8317,0.1985,0.2107,ABERTO,,,,
WLD_20260918140947,2026-09-18 14:09:34 UTC,WLD/USDT,0.4336,0.6607,0.4249,0.4509,ABERTO,,,,
ADA_20260918140948,2026-09-18 14:09:34 UTC,ADA/USDT,0.2176,0.6599,0.2132,0.2263,ABERTO,,,,
SOL_20260918143037,2026-09-18 14:30:33 UTC,SOL/USDT,109.3400,0.6570,107.1532,113.7136,ABERTO,,,,
DOGE_20260918143041,2026-09-18 14:30:33 UTC,DOGE/USDT,0.0875,0.6216,0.0858,0.0910,ABERTO,,,,
PROVE_20260918143042,2026-09-18 14:30:33 UTC,PROVE/USDT,0.2039,0.8317,0.1998,0.2121,ABERTO,,,,
WLD_20260918143043,2026-09-18 14:30:33 UTC,WLD/USDT,0.4340,0.6607,0.4253,0.4514,ABERTO,,,,
ADA_20260918143043,2026-09-18 14:30:33 UTC,ADA/USDT,0.2188,0.6599,0.2144,0.2276,ABERTO,,,,
SOL_20260918144832,2026-09-18 14:48:28 UTC,SOL/USDT,110.8700,0.6570,108.6526,115.3048,ABERTO,,,,
DOGE_20260918144836,2026-09-18 14:48:28 UTC,DOGE/USDT,0.0880,0.6216,0.0862,0.0915,ABERTO,,,,
PROVE_20260918144837,2026-09-18 14:48:28 UTC,PROVE/USDT,0.2017,0.8317,0.1977,0.2098,ABERTO,,,,
WLD_20260918144837,2026-09-18 14:48:28 UTC,WLD/USDT,0.4330,0.6607,0.4243,0.4503,ABERTO,,,,
ADA_20260918144839,2026-09-18 14:48:28 UTC,ADA/USDT,0.2204,0.6599,0.2160,0.2292,ABERTO,,,,
BTC_20260918150931,2026-09-18 15:09:27 UTC,BTC/USDT,80701.3900,0.8121,79087.3622,83929.4456,ABERTO,,,,
ETH_20260918150931,2026-09-18 15:09:27 UTC,ETH/USDT,2579.7500,0.8359,2528.1550,2682.9400,ABERTO,,,,
BNB_20260918150935,2026-09-18 15:09:27 UTC,BNB/USDT,757.0100,0.6534,741.8698,787.2904,ABERTO,,,,
REZ_20260918150936,2026-09-18 15:09:27 UTC,REZ/USDT,0.0039,0.7297,0.0038,0.0041,ABERTO,,,,
DOGE_20260918150937,2026-09-18 15:09:27 UTC,DOGE/USDT,0.0873,0.6902,0.0856,0.0908,ABERTO,,,,
PROVE_20260918150938,2026-09-18 15:09:27 UTC,PROVE/USDT,0.2028,0.7066,0.1987,0.2109,ABERTO,,,,
WLD_20260918150939,2026-09-18 15:09:27 UTC,WLD/USDT,0.4277,0.7018,0.4191,0.4448,ABERTO,,,,
ENA_20260918150940,2026-09-18 15:09:27 UTC,ENA/USDT,0.1637,0.7886,0.1604,0.1702,ABERTO,,,,
BTC_20260918153024,2026-09-18 15:30:22 UTC,BTC/USDT,80917.0200,0.8121,79298.6796,84153.7008,ABERTO,,,,
ETH_20260918153025,2026-09-18 15:30:22 UTC,ETH/USDT,2585.8000,0.8359,2534.0840,2689.2320,ABERTO,,,,
BNB_20260918153028,2026-09-18 15:30:22 UTC,BNB/USDT,758.2000,0.6534,743.0360,788.5280,ABERTO,,,,
REZ_20260918153029,2026-09-18 15:30:22 UTC,REZ/USDT,0.0039,0.7297,0.0039,0.0041,ABERTO,,,,
DOGE_20260918153030,2026-09-18 15:30:22 UTC,DOGE/USDT,0.0877,0.6902,0.0859,0.0912,ABERTO,,,,
PROVE_20260918153032,2026-09-18 15:30:22 UTC,PROVE/USDT,0.2040,0.7066,0.1999,0.2122,ABERTO,,,,
WLD_20260918153032,2026-09-18 15:30:22 UTC,WLD/USDT,0.4267,0.7018,0.4182,0.4438,ABERTO,,,,
ENA_20260918153033,2026-09-18 15:30:22 UTC,ENA/USDT,0.1647,0.7886,0.1614,0.1713,ABERTO,,,,
BTC_20260918154754,2026-09-18 15:47:52 UTC,BTC/USDT,80663.5800,0.8121,79050.3084,83890.1232,ABERTO,,,,
ETH_20260918154755,2026-09-18 15:47:52 UTC,ETH/USDT,2577.2300,0.8359,2525.6854,2680.3192,ABERTO,,,,
BNB_20260918154759,2026-09-18 15:47:52 UTC,BNB/USDT,755.4700,0.6534,740.3606,785.6888,ABERTO,,,,
REZ_20260918154800,2026-09-18 15:47:52 UTC,REZ/USDT,0.0039,0.7297,0.0039,0.0041,ABERTO,,,,
DOGE_20260918154801,2026-09-18 15:47:52 UTC,DOGE/USDT,0.0872,0.6902,0.0854,0.0907,ABERTO,,,,
PROVE_20260918154803,2026-09-18 15:47:52 UTC,PROVE/USDT,0.2047,0.7066,0.2006,0.2129,ABERTO,,,,
WLD_20260918154803,2026-09-18 15:47:52 UTC,WLD/USDT,0.4299,0.7018,0.4213,0.4471,ABERTO,,,,
ENA_20260918154804,2026-09-18 15:47:52 UTC,ENA/USDT,0.1655,0.7886,0.1622,0.1721,ABERTO,,,,
ETH_20260918160910,2026-09-18 16:09:05 UTC,ETH/USDT,2588.9700,0.7737,2537.1906,2692.5288,ABERTO,,,,
DOGE_20260918160916,2026-09-18 16:09:05 UTC,DOGE/USDT,0.0875,0.7512,0.0858,0.0910,ABERTO,,,,
SUI_20260918160917,2026-09-18 16:09:05 UTC,SUI/USDT,0.8058,0.7701,0.7897,0.8380,ABERTO,,,,
PROVE_20260918160918,2026-09-18 16:09:05 UTC,PROVE/USDT,0.2055,0.7812,0.2014,0.2137,ABERTO,,,,
ENA_20260918160920,2026-09-18 16:09:05 UTC,ENA/USDT,0.1664,0.6113,0.1631,0.1731,ABERTO,,,,
ADA_20260918160920,2026-09-18 16:09:05 UTC,ADA/USDT,0.2202,0.6784,0.2158,0.2290,ABERTO,,,,
ETH_20260918162948,2026-09-18 16:29:45 UTC,ETH/USDT,2598.4500,0.7737,2546.4810,2702.3880,ABERTO,,,,
DOGE_20260918162953,2026-09-18 16:29:45 UTC,DOGE/USDT,0.0878,0.7512,0.0861,0.0913,ABERTO,,,,
SUI_20260918162954,2026-09-18 16:29:45 UTC,SUI/USDT,0.8058,0.7701,0.7897,0.8380,ABERTO,,,,
PROVE_20260918162955,2026-09-18 16:29:45 UTC,PROVE/USDT,0.2052,0.7812,0.2011,0.2134,ABERTO,,,,
ADA_20260918162955,2026-09-18 16:29:45 UTC,ADA/USDT,0.2197,0.6784,0.2153,0.2285,ABERTO,,,,
ENA_20260918162956,2026-09-18 16:29:45 UTC,ENA/USDT,0.1671,0.6113,0.1638,0.1738,ABERTO,,,,
